{"cameraMode":{"drawMode":0,"name":"Shaded","section":"Shading Mode"},"sceneLighting":true,"audioPlay":false,"sceneViewState":{"showFog":true,"showMaterialUpdate":false,"showSkybox":true,"showFlares":true,"showImageEffects":true,"showParticleSystems":true},"in2DMode":false,"pivot":{"x":-1.4178881645202637,"y":-2.3240981101989748,"z":1.6451804637908936},"rotation":{"x":-0.03886982053518295,"y":0.7123501300811768,"z":-0.03957575932145119,"w":-0.6996286511421204},"size":14.582252502441407,"orthographic":true}